{
	"pattrstorage" : 	{
		"name" : "livegran_sto",
		"slots" : 		{
			"1" : 			{
				"id" : 1,
				"name" : "long-short-del",
				"data" : 				{
					"filter-on" : [ 0 ],
					"live.gain~" : [ -0.510593392320814 ],
					"live.gain~[1]" : [ -9.191655166815501 ],
					"live.tab" : [ 1.0 ],
					"transpo-reverse" : [ 1.0 ],
					"trig_ctrl::trig_genT" : [ 0.05 ],
					"trig_ctrl::trig_genON" : [ 0 ],
					"trig_ctrl::trig_rand_min" : [ -36.0 ],
					"trig_ctrl::trig_rand_max" : [ 92.0 ],
					"trig_ctrl::trig_baseO" : [ 3.0 ],
					"trig_ctrl::trig_glide" : [ 0 ],
					"trig_ctrl::trig_curve" : [ 0.0, 0.0, 0.0, 0.0, 0.0, 0.0, 0.0, 0.0, 0.0, 0.0, 0.0, 0.0, 0.0, 0.0, 0.0, 0.0, 0.0, 0.0, 0.0, 0.0, 0.0, 0.0, 0.0, 0.0, 0.0, 0.0, 0.724137931034483, 0.0, 0.0, 0.0, 0.0, 0.0, 0.0, 0.0, 0.0, 0.0, 0.0, 0.0, 0.0, 0.0, 0.0, 0.0, 0.0, 0.0, 0.0, 0.770114942528736, 0.770114942528736, 0.0, 0.0, 0.0, 0.0, 0.0, 0.0, 0.0, 0.0, 0.0, 0.0, 0.0, 0.0, 0.0, 0.0, 0.0, 0.0, 0.0, 0.0, 0.0, 0.0, 0.0, 0.0, 0.0, 0.0, 0.0, 0.0, 0.0, 0.0, 0.0, 0.0, 0.0, 0.0, 0.781609195402299, 0.0, 0.0, 0.0, 0.0, 0.0, 0.0, 0.0, 0.0, 0.0, 0.0, 0.0, 0.0, 0.0, 0.0, 0.0, 0.0, 0.0, 0.0, 0.0, 0.0, 0.0, 0.0, 0.0, 0.0, 0.0, 0.0, 0.0, 0.0, 0.0, 0.0, 0.0, 0.0, 0.0, 0.0, 0.0, 0.0, 0.0, 0.0, 0.0, 0.0, 0.0, 0.0, 0.0, 0.0, 0.0, 0.0, 0.0, 0.0 ],
					"trig_ctrl::trig_wav_curve" : [ 0.0, 0.0, 0.0, 0.0, 0.0, 0.0, 0.0, 0.0, 0.0, 0.0, 0.0, 0.0, 0.0, 0.0, 0.0, 0.0, 0.0, 0.0, 0.0, 0.0, 0.0, 0.0, 0.0, 0.0, 0.0, 0.0, 0.0, 0.0, 0.0, 0.0, 0.0, 0.0, 0.0, 0.0, 0.0, 0.0, 0.0, 0.0, 0.0, 0.0, 0.0, 0.0, 0.0, 0.0, 0.0, 0.0, 0.0, 0.0, 0.0, 0.0, 0.0, 0.0, 0.0, 0.0, 0.0, 0.0, 0.0, 0.0, 0.0, 0.0, 0.0, 0.0, 0.0, 0.0, 0.0, 0.0, 0.0, 0.0, 0.0, 0.0, 0.0, 0.0, 0.0, 0.0, 0.0, 0.0, 0.0, 0.0, 0.0, 0.0, 0.0, 0.0, 0.0, 0.0, 0.0, 0.0, 0.0, 0.0, 0.0, 0.0, 0.0, 0.0, 0.0, 0.0, 0.0, 0.0, 0.0, 0.0, 0.0, 0.0, 0.0, 0.0, 0.0, 0.0, 0.0, 0.0, 0.0, 0.0, 0.0, 0.0, 0.0, 0.0, 0.0, 0.0, 0.0, 0.0, 0.0, 0.0, 0.0, 0.0, 0.0, 0.0, 0.0, 0.0, 0.0, 0.0, 0.0, 0.0, 0.0, 0.0, 0.0, 0.0, 0.0, 0.0, 0.0, 0.0, 0.0, 0.0, 0.0, 0.0, 0.0, 0.0, 0.0, 0.0, 0.0, 0.0, 0.0, 0.0, 0.0, 0.0, 0.0, 0.0, 0.0, 0.0, 0.0, 0.0, 0.0, 0.0, 0.0, 0.0, 0.0, 0.0, 0.0, 0.0, 0.0, 0.0, 0.0, 0.0, 0.0, 0.0, 0.0, 0.0, 0.0, 0.0, 0.0, 0.0, 0.0, 0.0, 0.0, 0.0, 0.0, 0.0, 0.0, 0.0, 0.0, 0.0, 0.0, 0.0, 0.0, 0.0, 0.0, 0.0, 0.0, 0.0, 0.0, 0.0, 0.0, 0.0, 0.0, 0.0, 0.0, 0.0, 0.0, 0.0, 0.0, 0.0, 0.0, 0.0, 0.0, 0.0, 0.0, 0.0, 0.0, 0.0, 0.0, 0.0, 0.0, 0.0, 0.0, 0.0, 0.0, 0.0, 0.0, 0.0, 0.0, 0.0, 0.0, 0.0, 0.0, 0.0, 0.0, 0.0, 0.0, 0.0, 0.0, 0.0, 0.0, 0.0, 0.0, 0.0, 0.0, 0.0, 0.0, 0.0, 0.0, 0.0, 0.0, 0.0, 0.0, 0.0, 0.0, 0.0, 0.0 ],
					"trig_ctrl::trig_rand" : [ 100.0 ],
					"trig_ctrl::trig_wav" : [ 0 ],
					"trig_ctrl::trig_local_preset" : [ -1 ],
					"delay_ctrl::delay_genT" : [ 0.05 ],
					"delay_ctrl::delay_genON" : [ 1 ],
					"delay_ctrl::delay_rand_min" : [ 0.0 ],
					"delay_ctrl::delay_rand_max" : [ 11016.0 ],
					"delay_ctrl::delay_baseO" : [ 0.0 ],
					"delay_ctrl::delay_glide" : [ 0 ],
					"delay_ctrl::delay_curve" : [ 0.919540229885057, 0.942528735632184, 0.931034482758621, 0.908045977011494, 0.896551724137931, 0.896551724137931, 0.896551724137931, 0.896551724137931, 0.896551724137931, 0.873563218390805, 0.864942528735632, 0.85632183908046, 0.847701149425287, 0.839080459770115, 0.827586206896552, 0.825287356321839, 0.822988505747127, 0.820689655172414, 0.818390804597701, 0.816091954022989, 0.812260536398468, 0.808429118773947, 0.804597701149425, 0.800766283524904, 0.796934865900383, 0.793103448275862, 0.793103448275862, 0.787356321839081, 0.781609195402299, 0.775862068965517, 0.770114942528736, 0.747126436781609, 0.747126436781609, 0.741379310344828, 0.735632183908046, 0.729885057471265, 0.724137931034483, 0.718390804597701, 0.71264367816092, 0.706896551724138, 0.701149425287356, 0.689655172413793, 0.682471264367816, 0.675287356321839, 0.668103448275862, 0.660919540229885, 0.653735632183908, 0.646551724137931, 0.639367816091954, 0.632183908045977, 0.620689655172414, 0.609195402298851, 0.604597701149425, 0.6, 0.595402298850575, 0.590804597701149, 0.586206896551724, 0.586206896551724, 0.586206896551724, 0.586206896551724, 0.586206896551724, 0.586206896551724, 0.586206896551724, 0.586206896551724, 0.586206896551724, 0.586206896551724, 0.586206896551724, 0.586206896551724, 0.586206896551724, 0.586206896551724, 0.588505747126437, 0.590804597701149, 0.593103448275862, 0.595402298850575, 0.597701149425287, 0.609195402298851, 0.620689655172414, 0.622331691297209, 0.623973727422003, 0.625615763546798, 0.627257799671593, 0.628899835796388, 0.630541871921182, 0.632183908045977, 0.632183908045977, 0.632183908045977, 0.629885057471265, 0.627586206896552, 0.625287356321839, 0.622988505747126, 0.620689655172414, 0.620689655172414, 0.620689655172414, 0.620689655172414, 0.613505747126437, 0.60632183908046, 0.599137931034483, 0.591954022988506, 0.584770114942529, 0.577586206896552, 0.570402298850575, 0.563218390804598, 0.563218390804598, 0.551724137931034, 0.540229885057471, 0.528735632183908, 0.517241379310345, 0.505747126436782, 0.494252873563218, 0.482758620689655, 0.477011494252874, 0.471264367816092, 0.461047254150702, 0.450830140485313, 0.440613026819923, 0.430395913154534, 0.420178799489144, 0.409961685823755, 0.399744572158365, 0.389527458492976, 0.379310344827586, 0.367816091954023, 0.344827586206897, 0.344827586206897, 0.344827586206897, 0.0, 0.0, 0.0 ],
					"transp_ctrl::transp_genT" : [ 20.0 ],
					"transp_ctrl::transp_genON" : [ 0 ],
					"transp_ctrl::transp_rand_min" : [ -12.0 ],
					"transp_ctrl::transp_rand_max" : [ 12.0 ],
					"transp_ctrl::transp_baseO" : [ 0.0 ],
					"transp_ctrl::transp_glide" : [ 0 ],
					"transp_ctrl::transp_curve" : [ 0 ],
					"amp_ctrl::amp_genT" : [ 20.0 ],
					"amp_ctrl::amp_genON" : [ 0 ],
					"amp_ctrl::amp_rand_min" : [ -45.0 ],
					"amp_ctrl::amp_rand_max" : [ 0.0 ],
					"amp_ctrl::amp_baseO" : [ -6.0 ],
					"amp_ctrl::amp_glide" : [ 0 ],
					"amp_ctrl::amp_curve" : [ 0 ],
					"length_ctrl::length_genT" : [ 0.05 ],
					"length_ctrl::length_genON" : [ 1 ],
					"length_ctrl::length_rand_min" : [ 0.0 ],
					"length_ctrl::length_rand_max" : [ 1000.0 ],
					"length_ctrl::length_baseO" : [ 100.0 ],
					"length_ctrl::length_glide" : [ 0 ],
					"length_ctrl::length_curve" : [ 0.0, 0.0, 1.0, 1.0, 0.977011494252874, 0.956896551724138, 0.936781609195403, 0.916666666666667, 0.896551724137931, 0.876436781609196, 0.85632183908046, 0.836206896551724, 0.816091954022989, 0.800492610837439, 0.784893267651889, 0.769293924466339, 0.753694581280788, 0.738095238095238, 0.722495894909688, 0.706896551724138, 0.691297208538588, 0.675697865353038, 0.660098522167488, 0.644499178981938, 0.628899835796388, 0.613300492610837, 0.597701149425287, 0.582375478927203, 0.567049808429119, 0.551724137931034, 0.0, 0.0, 0.0, 0.0, 0.0, 0.0, 0.0, 0.0, 0.0, 0.0, 0.0, 0.0, 0.0, 0.0, 0.0, 0.0, 0.0, 0.0, 0.0, 0.0, 0.0, 0.0, 0.0, 0.0, 0.0, 0.0, 0.0, 0.0, 0.0, 0.0, 0.0, 0.0, 0.0, 0.0, 0.0, 0.0, 0.0, 0.0, 0.586206896551724, 0.579821200510856, 0.573435504469987, 0.567049808429119, 0.56066411238825, 0.554278416347382, 0.547892720306513, 0.541507024265645, 0.535121328224776, 0.528735632183908, 0.522349936143039, 0.515964240102171, 0.509578544061302, 0.503192848020434, 0.496807151979565, 0.490421455938697, 0.484035759897829, 0.47765006385696, 0.471264367816092, 0.471264367816092, 0.0, 0.0, 0.0, 0.0, 0.0, 0.0, 0.0, 0.0, 0.0, 0.0, 0.0, 0.0, 0.0, 0.0, 0.0, 0.0, 0.0, 0.0, 0.28735632183908, 0.0, 0.0, 0.0, 0.0, 0.0, 0.0, 0.0, 0.0, 0.0, 0.0, 0.0, 0.0, 0.0, 0.0, 0.0, 0.0, 0.0, 0.0, 0.0, 0.0, 0.0 ],
					"pan_ctrl::pan_genT" : [ 20.0 ],
					"pan_ctrl::pan_genON" : [ 0 ],
					"pan_ctrl::pan_rand_min" : [ 0.0 ],
					"pan_ctrl::pan_rand_max" : [ 0.25 ],
					"pan_ctrl::pan_baseO" : [ 0.08 ],
					"pan_ctrl::pan_glide" : [ 0 ],
					"pan_ctrl::pan_curve" : [ 0 ],
					"Envelope_editor[1]::gmu.env.bank" : [ -1 ],
					"Envelope_editor[1]::live.tab" : [ 0.0 ],