{
	"pattrstorage" : 	{
		"name" : "gmu.env.bank",
		"slots" : 		{
			"1" : 			{
				"id" : 1,
				"name" : "bank-1",
				"data" : 				{
					"live.tab" : [ 0.0 ],
					"slot_list" : [ 2, "replace bpf 0.0000 0.0000 1.0000 0.0236 1.0000 0.6415 0.0000 1.0000", "::::", 3, "replace gauss 0.2000 :: replace repeat 4.4800 0.5600 1.0000 :: mult constant 3.0000 :: add gauss 0.6000 :: mult constant 0.2900 :: replace repeat 11.0000 11.0000 1.0000 :: add constant 0.2500", "::::", 4, "replace gauss 0.2000 :: replace repeat 4.4800 0.5600 1.0000 :: mult constant 3.0000 :: add gauss 0.0700 :: mult constant 0.2900 :: replace repeat 11.0000 11.0000 1.0000 :: add repeat 1.0000 1.0200 1.0000 :: mult bpf 0.0000 0.0000 1.0000 0.0425 0.0000 1.0000", "::::", 5, "replace gauss 0.2000 :: replace repeat 9.5500 217.0000 1.0000 :: mult bpf 0.0000 0.0000 1.0000 0.0425 0.0000 1.0000 :: add rand 10365.0000 0.0700 0.0000", "::::", 6, "replace gauss 0.6781", "::::", 7, "replace gauss 0.4950 :: replace repeat 2.2300 0.5600 1.0000 :: mult constant 3.0000 :: add gauss 1.4972 :: mult constant 0.2900 :: replace rotate -0.1800 :: replace repeat 1.0000 0.7600 1.0000", "::::", 8, "replace sin 50.0000 0.0000 :: add sin 1.0000 0.0000 :: mult expodecay 5.0000", "::::", 9, "replace bpf 0.0000 0.0000 0.1774 0.0920 0.2742 0.8184 0.0000 1.0000 :: mult rand 6.0000 1.0000 0.0000 :: replace smooth 2653.0000 :: mult rand 29000.0000 1.0000 0.0000", "::::", 1, "replace bpf 0.0000 0.0000 1.0000 0.0236 0.0968 0.1415 0.0000 1.0000 :: mult sin 10.0000 0.0000 :: add rand 10000.0000 0.0670 0.0000 :: mult bpf 0.0000 0.0000 1.0000 0.0047 1.0000 0.8632 0.0000 1.0000" ],
					"env::op_list" : [ "replace", "bpf", 0.0, 0.0, 1.0, 0.023585, 0.096774, 0.141509, 0.0, 1.0, "::", "mult", "sin", 10.0, 0.0, "::", "add", "rand", 10000.0, 0.067, 0.0, "::", "mult", "bpf", 0.0, 0.0, 1.0, 0.004717, 1.0, 0.863208, 0.0, 1.0 ],
					"env::gmu.env.default" : [ 25 ]
				}

			}

		}

	}

}
